#OTU ID	Mb	2246	20170915_CBN_XSSCB2017_24	20170915_CBN_XSSCB2017_13	2232	2220	20170915_CBN_XSSCB2017_25	2019-08-23_CBN_KHI-18-1	2247	2209	2019-08-23_CBN_KPL-18-1	2019-08-23_CBN_KP-16-1	2200	2019-08-23_CBN_KSP-18-1	2223
544	0.0	0.0	635420.0	664483.0	0.0	0.0	0.0	0.0	0.0	0.0	0.0	0.0	0.0	0.0	0.0
3801	1271190.0	0.0	0.0	0.0	0.0	0.0	0.0	0.0	0.0	0.0	0.0	0.0	0.0	0.0	0.0
1856	9107320.0	1364844.0	0.0	0.0	4315691.0	5705920.0	0.0	6244307.0	1017819.0	124329640.0	36908920.0	15617284.0	369766000.0	32029057.0	1133317.0
2387	0.0	0.0	0.0	0.0	0.0	0.0	0.0	0.0	0.0	4968670.0	0.0	0.0	0.0	0.0	0.0
1819	0.0	0.0	0.0	0.0	0.0	0.0	0.0	1189268.0	0.0	0.0	3691712.0	1713937.0	0.0	6735260.0	0.0
3083	0.0	0.0	0.0	0.0	460795.0	0.0	0.0	0.0	0.0	475247.0	0.0	0.0	2548070.0	0.0	0.0
92	0.0	0.0	2376504.0	3152748.0	0.0	0.0	3796957.0	0.0	0.0	0.0	0.0	0.0	0.0	0.0	0.0
2005	0.0	0.0	0.0	0.0	0.0	0.0	0.0	36002546.0	0.0	0.0	3160760.0	34437604.0	0.0	5116354.0	0.0
1618	0.0	0.0	0.0	0.0	0.0	957496.0	0.0	0.0	760268.0	0.0	0.0	0.0	0.0	0.0	0.0
1644	0.0	0.0	0.0	0.0	0.0	11435440.0	0.0	0.0	0.0	0.0	0.0	0.0	0.0	0.0	0.0
1858	0.0	0.0	0.0	8572100.0	0.0	0.0	2873720.0	0.0	0.0	0.0	0.0	0.0	0.0	0.0	142864.0
2125	0.0	0.0	0.0	0.0	0.0	0.0	0.0	0.0	0.0	0.0	307485.0	0.0	0.0	413499.0	0.0
3554	0.0	0.0	0.0	0.0	0.0	0.0	0.0	0.0	0.0	645472.0	0.0	0.0	10416338.0	0.0	0.0
2663	0.0	1943950.0	0.0	0.0	44250275.0	30285223.0	0.0	0.0	0.0	89028920.0	0.0	0.0	125888540.0	0.0	3285490.0
2729	0.0	0.0	0.0	0.0	673468.0	0.0	0.0	0.0	0.0	0.0	0.0	0.0	0.0	0.0	176023.0
1349	0.0	551924.0	0.0	0.0	1520360.0	0.0	0.0	0.0	0.0	178047860.0	0.0	0.0	43283900.0	0.0	0.0
802	0.0	0.0	0.0	0.0	0.0	0.0	0.0	0.0	0.0	1424836.0	0.0	0.0	0.0	0.0	0.0
2123	0.0	0.0	114564980.0	17703640.0	0.0	0.0	6466220.0	1100126.0	0.0	0.0	14058570.0	34647170.0	0.0	38607301.0	1196758.0
3248	83508560.0	0.0	0.0	0.0	0.0	21703910.0	0.0	0.0	0.0	77770500.0	0.0	0.0	5126070.0	0.0	0.0
1082	0.0	0.0	0.0	6527660.0	614528.0	4220385.0	15159080.0	0.0	0.0	18233330.0	0.0	0.0	19395270.0	419440.0	101264.0
2411	0.0	0.0	0.0	0.0	0.0	0.0	0.0	0.0	0.0	0.0	0.0	0.0	354337.0	0.0	0.0
3883	0.0	258966.0	0.0	0.0	0.0	0.0	0.0	0.0	0.0	0.0	0.0	0.0	0.0	0.0	0.0
1235	0.0	0.0	0.0	0.0	0.0	0.0	0.0	0.0	0.0	0.0	0.0	0.0	4310190.0	0.0	0.0
960	0.0	0.0	0.0	0.0	0.0	0.0	0.0	0.0	0.0	21740340.0	0.0	0.0	0.0	821518.0	147788.0
3869	0.0	0.0	0.0	0.0	0.0	0.0	0.0	905889.0	0.0	0.0	1584717.0	881287.0	0.0	420707.0	0.0
1675	0.0	0.0	0.0	0.0	0.0	0.0	0.0	0.0	0.0	0.0	0.0	0.0	0.0	472373.0	720701.0
2237	0.0	0.0	0.0	0.0	0.0	0.0	0.0	0.0	0.0	0.0	2515725.0	0.0	0.0	1765887.0	0.0
3756	0.0	0.0	0.0	0.0	0.0	396351.0	0.0	0.0	0.0	0.0	0.0	1140798.0	0.0	0.0	0.0
3283	20385710.0	0.0	0.0	0.0	0.0	0.0	0.0	0.0	0.0	0.0	514494.0	0.0	0.0	1165217.0	0.0
827	0.0	0.0	0.0	0.0	0.0	0.0	0.0	0.0	0.0	400232.0	0.0	0.0	265206.0	0.0	0.0
2418	0.0	0.0	0.0	0.0	0.0	0.0	0.0	1177273.0	0.0	0.0	611364.0	0.0	0.0	1050970.0	0.0
853	0.0	0.0	0.0	0.0	0.0	0.0	0.0	0.0	0.0	0.0	510308.0	0.0	0.0	2055553.0	0.0
2498	0.0	0.0	0.0	0.0	3456920.0	0.0	0.0	16575713.0	0.0	0.0	23211103.0	13258576.0	0.0	33887590.0	947270.0
209	0.0	0.0	0.0	673349.0	0.0	0.0	775019.0	0.0	0.0	0.0	0.0	0.0	0.0	0.0	0.0
1892	885886.0	0.0	0.0	0.0	0.0	0.0	0.0	0.0	0.0	0.0	0.0	0.0	42845700.0	0.0	0.0
2373	0.0	0.0	0.0	0.0	0.0	0.0	0.0	0.0	0.0	0.0	685452.0	0.0	0.0	0.0	0.0
3204	0.0	705022.0	0.0	0.0	0.0	0.0	0.0	0.0	0.0	0.0	0.0	0.0	0.0	0.0	0.0
3060	0.0	0.0	0.0	0.0	3171981.0	0.0	0.0	0.0	0.0	4306839.0	0.0	0.0	11681277.0	0.0	0.0
1574	0.0	0.0	0.0	0.0	0.0	0.0	0.0	0.0	0.0	5847150.0	0.0	0.0	3270940.0	0.0	0.0
2809	0.0	0.0	0.0	0.0	0.0	0.0	0.0	0.0	0.0	0.0	277889.0	0.0	0.0	746645.0	0.0
1950	0.0	376919.0	0.0	0.0	304031.0	3616760.0	0.0	0.0	0.0	0.0	0.0	0.0	0.0	0.0	0.0
1552	0.0	0.0	0.0	0.0	0.0	0.0	0.0	315922.0	361769.0	844391.0	0.0	1959180.0	10689800.0	0.0	0.0
1190	0.0	0.0	0.0	0.0	0.0	0.0	0.0	510502.0	0.0	0.0	0.0	1410320.0	0.0	1789380.0	0.0
2970	0.0	0.0	0.0	0.0	0.0	910033.0	0.0	251855.0	0.0	0.0	0.0	0.0	0.0	0.0	0.0
1979	0.0	0.0	0.0	0.0	0.0	0.0	0.0	0.0	0.0	4855340.0	0.0	0.0	9986550.0	0.0	0.0
1278	0.0	0.0	0.0	36770000.0	0.0	0.0	14215400.0	0.0	0.0	0.0	0.0	0.0	0.0	0.0	0.0
173	0.0	0.0	0.0	0.0	0.0	0.0	0.0	0.0	0.0	0.0	1129720.0	0.0	0.0	2485961.0	0.0
1529	0.0	0.0	0.0	0.0	0.0	5787710.0	0.0	0.0	0.0	0.0	0.0	0.0	0.0	0.0	330856.0
3837	0.0	426339.0	0.0	0.0	0.0	0.0	0.0	0.0	3234398.0	0.0	0.0	0.0	0.0	0.0	0.0
984	3752720.0	0.0	0.0	0.0	0.0	0.0	0.0	575188.0	0.0	0.0	916890.0	782376.0	0.0	7035300.0	0.0
2040	0.0	0.0	0.0	0.0	0.0	0.0	0.0	273493.0	0.0	0.0	1328406.0	0.0	0.0	688920.0	0.0
1559	0.0	0.0	0.0	0.0	0.0	0.0	0.0	0.0	0.0	0.0	0.0	266703.0	0.0	0.0	266055.0
1356	0.0	0.0	0.0	0.0	0.0	0.0	0.0	2667484.0	0.0	0.0	5760531.0	5941091.0	0.0	13025168.0	0.0
1986	0.0	0.0	0.0	0.0	0.0	0.0	0.0	0.0	0.0	0.0	20337230.0	0.0	0.0	0.0	0.0
2705	0.0	0.0	0.0	0.0	0.0	0.0	0.0	5774608.0	0.0	0.0	4061304.0	7422469.0	0.0	16243556.0	0.0
2008	0.0	0.0	0.0	0.0	0.0	0.0	0.0	0.0	0.0	0.0	0.0	0.0	1005520.0	1482010.0	0.0
3401	0.0	0.0	0.0	0.0	0.0	1349800.0	0.0	0.0	0.0	0.0	0.0	0.0	32359800.0	0.0	0.0
1504	0.0	0.0	0.0	0.0	0.0	0.0	0.0	0.0	0.0	0.0	1335540.0	0.0	0.0	882500.0	0.0
18	0.0	0.0	518758.0	0.0	0.0	0.0	497316.0	0.0	0.0	0.0	0.0	0.0	0.0	0.0	0.0
2520	706419.0	0.0	0.0	0.0	1037170.0	4864970.0	0.0	1778300.0	0.0	1708010.0	0.0	1505900.0	0.0	0.0	0.0
2059	0.0	0.0	0.0	0.0	2761660.0	0.0	0.0	213789.0	0.0	5064810.0	0.0	829810.0	106569140.0	0.0	206308.0
1344	0.0	0.0	0.0	0.0	0.0	0.0	0.0	647408.0	0.0	0.0	1969710.0	662719.0	0.0	4875792.0	0.0
2342	0.0	0.0	0.0	0.0	0.0	0.0	0.0	0.0	1634117.0	0.0	0.0	0.0	0.0	0.0	0.0
2141	0.0	5891151.0	0.0	0.0	0.0	57397550.0	0.0	0.0	286825.0	116921500.0	0.0	0.0	193786100.0	0.0	0.0
1035	0.0	0.0	0.0	0.0	0.0	0.0	0.0	0.0	0.0	6710070.0	0.0	0.0	0.0	0.0	0.0
145	0.0	0.0	487010.0	0.0	0.0	0.0	1675738.0	0.0	0.0	0.0	0.0	0.0	0.0	0.0	0.0
1326	7883220.0	0.0	0.0	0.0	0.0	0.0	0.0	0.0	0.0	0.0	0.0	0.0	0.0	0.0	0.0
1163	0.0	0.0	0.0	43100210.0	0.0	0.0	0.0	0.0	0.0	0.0	0.0	0.0	0.0	0.0	0.0
847	0.0	0.0	0.0	7701170.0	0.0	0.0	0.0	0.0	0.0	0.0	0.0	0.0	0.0	0.0	0.0
2211	0.0	0.0	0.0	0.0	0.0	0.0	0.0	0.0	0.0	0.0	212113.0	119112.0	0.0	0.0	0.0
1083	0.0	0.0	0.0	0.0	0.0	4257100.0	0.0	0.0	0.0	0.0	0.0	0.0	0.0	0.0	0.0
1688	0.0	0.0	0.0	0.0	0.0	891767.0	0.0	0.0	0.0	13147760.0	0.0	0.0	12869800.0	0.0	0.0
3706	0.0	0.0	0.0	0.0	0.0	1031597.0	0.0	0.0	0.0	0.0	0.0	0.0	2380130.0	0.0	918974.0
1292	0.0	0.0	0.0	0.0	0.0	0.0	0.0	0.0	855166.0	0.0	0.0	0.0	0.0	0.0	0.0
12	0.0	0.0	3535191.0	907049.0	0.0	0.0	3652837.0	0.0	0.0	0.0	0.0	0.0	0.0	0.0	0.0
3852	0.0	0.0	0.0	0.0	0.0	0.0	0.0	520699.0	0.0	0.0	0.0	0.0	0.0	0.0	346466.0
1971	0.0	0.0	0.0	0.0	0.0	0.0	0.0	10513408.0	0.0	0.0	23985100.0	0.0	0.0	0.0	0.0
1611	0.0	0.0	0.0	0.0	0.0	0.0	0.0	0.0	0.0	0.0	5248225.0	300951.0	0.0	4365149.0	0.0
1173	0.0	0.0	0.0	0.0	0.0	0.0	0.0	0.0	0.0	21977870.0	0.0	0.0	7338690.0	0.0	0.0
3359	11250547.0	744345.0	0.0	0.0	0.0	0.0	0.0	0.0	0.0	0.0	0.0	0.0	0.0	0.0	689318.0
2560	0.0	0.0	0.0	0.0	0.0	0.0	0.0	255517.0	0.0	0.0	0.0	262159.0	0.0	0.0	0.0
1296	0.0	0.0	0.0	2647380.0	0.0	0.0	0.0	0.0	0.0	66350300.0	0.0	0.0	35469100.0	0.0	0.0
3207	0.0	0.0	0.0	0.0	0.0	6653040.0	0.0	0.0	0.0	8381050.0	0.0	4385166.0	8459440.0	0.0	0.0
3808	0.0	0.0	0.0	0.0	0.0	0.0	0.0	0.0	0.0	0.0	0.0	0.0	0.0	0.0	294334.0
1455	0.0	0.0	0.0	5747150.0	0.0	3128400.0	0.0	294805.0	0.0	0.0	0.0	311419.0	0.0	0.0	0.0
2684	0.0	0.0	0.0	0.0	0.0	0.0	0.0	0.0	0.0	19501300.0	0.0	0.0	106294300.0	0.0	0.0
828	0.0	0.0	0.0	0.0	0.0	0.0	0.0	0.0	0.0	2782941.0	0.0	0.0	180139.0	0.0	0.0
2162	0.0	2256500.0	0.0	0.0	0.0	0.0	0.0	0.0	0.0	0.0	0.0	0.0	0.0	0.0	0.0
2	2798940.0	0.0	0.0	0.0	0.0	0.0	0.0	0.0	0.0	0.0	0.0	0.0	0.0	0.0	0.0
2082	0.0	0.0	0.0	0.0	0.0	0.0	0.0	0.0	0.0	0.0	0.0	565392.0	12872500.0	0.0	0.0
925	0.0	0.0	0.0	0.0	0.0	0.0	5769370.0	0.0	0.0	0.0	0.0	0.0	0.0	0.0	0.0
3437	12713165.0	0.0	0.0	0.0	0.0	0.0	0.0	0.0	0.0	3715180.0	0.0	0.0	0.0	0.0	4128858.0
385	0.0	0.0	1744370.0	0.0	0.0	0.0	0.0	0.0	0.0	0.0	0.0	0.0	0.0	135335.0	0.0
3287	0.0	0.0	0.0	0.0	1124775.0	0.0	0.0	0.0	0.0	2447250.0	0.0	0.0	6719310.0	0.0	0.0
1701	0.0	0.0	0.0	0.0	0.0	0.0	0.0	0.0	0.0	0.0	20585750.0	0.0	0.0	62786740.0	0.0
1637	0.0	0.0	0.0	0.0	0.0	0.0	0.0	0.0	0.0	0.0	16686500.0	0.0	0.0	16538990.0	0.0
1877	0.0	0.0	0.0	0.0	212832.0	0.0	0.0	0.0	0.0	4534060.0	0.0	0.0	9115280.0	0.0	0.0
1831	0.0	0.0	0.0	0.0	0.0	0.0	0.0	5187116.0	0.0	0.0	254151.0	0.0	0.0	0.0	0.0
1484	0.0	0.0	0.0	0.0	0.0	1288853.0	0.0	0.0	0.0	0.0	0.0	0.0	0.0	0.0	0.0
1054	0.0	0.0	0.0	0.0	189045.0	0.0	0.0	0.0	0.0	26333640.0	0.0	0.0	49706376.0	0.0	0.0
2142	0.0	0.0	0.0	0.0	0.0	0.0	0.0	0.0	322805.0	0.0	0.0	0.0	0.0	0.0	0.0
1582	0.0	0.0	0.0	0.0	0.0	784888.0	0.0	0.0	0.0	5551570.0	0.0	0.0	17268500.0	0.0	0.0
2330	0.0	0.0	0.0	0.0	0.0	0.0	0.0	0.0	0.0	0.0	0.0	0.0	0.0	712262.0	0.0
994	0.0	0.0	0.0	0.0	0.0	0.0	0.0	354380.0	0.0	0.0	584483.0	516407.0	0.0	4534630.0	0.0
1314	0.0	0.0	0.0	0.0	0.0	0.0	0.0	0.0	0.0	38209540.0	0.0	0.0	29440880.0	0.0	0.0
3536	0.0	0.0	0.0	0.0	0.0	8027329.0	0.0	0.0	0.0	0.0	0.0	0.0	0.0	0.0	0.0
13	0.0	0.0	1017480.0	412965.0	0.0	0.0	0.0	0.0	0.0	0.0	0.0	0.0	0.0	0.0	0.0
2068	0.0	0.0	7930120.0	9044590.0	0.0	0.0	1393420.0	0.0	0.0	5132962.0	364131.0	0.0	0.0	878043.0	0.0
1076	0.0	0.0	0.0	0.0	0.0	0.0	16890620.0	0.0	0.0	0.0	0.0	0.0	0.0	0.0	0.0
3490	0.0	0.0	0.0	0.0	1859254.0	0.0	0.0	0.0	0.0	21483241.0	0.0	0.0	9025594.0	0.0	0.0
2034	0.0	0.0	0.0	0.0	975997.0	0.0	0.0	0.0	0.0	45634020.0	0.0	2094873.0	65291400.0	0.0	1140254.0
3848	0.0	0.0	0.0	0.0	187242.0	0.0	0.0	343782.0	0.0	0.0	0.0	0.0	0.0	0.0	0.0
1641	0.0	0.0	0.0	0.0	0.0	0.0	0.0	0.0	0.0	555400.0	0.0	0.0	210693.0	0.0	0.0
1972	0.0	0.0	0.0	0.0	0.0	0.0	0.0	0.0	0.0	0.0	2842930.0	0.0	0.0	3095310.0	0.0
184	0.0	0.0	0.0	0.0	0.0	121488.0	0.0	0.0	0.0	0.0	0.0	0.0	0.0	923779.0	0.0
127	0.0	0.0	0.0	0.0	0.0	0.0	0.0	0.0	0.0	1058817.0	0.0	0.0	0.0	0.0	0.0
1280	0.0	0.0	0.0	0.0	0.0	0.0	0.0	0.0	588690.0	0.0	0.0	0.0	0.0	0.0	0.0
2940	0.0	0.0	0.0	0.0	0.0	16786991.0	0.0	0.0	0.0	0.0	0.0	0.0	0.0	0.0	6976803.0
3298	0.0	7069037.0	0.0	0.0	0.0	0.0	0.0	0.0	20231650.0	0.0	0.0	0.0	0.0	0.0	0.0
208	0.0	0.0	1093710.0	0.0	0.0	0.0	2056810.0	0.0	0.0	0.0	0.0	0.0	0.0	0.0	0.0
1274	0.0	0.0	0.0	0.0	0.0	15513500.0	0.0	0.0	0.0	0.0	0.0	0.0	0.0	0.0	713565.0
3101	0.0	1488512.0	0.0	0.0	0.0	0.0	0.0	0.0	5386151.0	0.0	0.0	0.0	0.0	0.0	0.0
3862	0.0	0.0	0.0	0.0	1252070.0	0.0	0.0	0.0	0.0	0.0	0.0	0.0	0.0	0.0	0.0
3716	0.0	0.0	0.0	0.0	0.0	0.0	0.0	0.0	0.0	298264.0	0.0	0.0	0.0	0.0	0.0
3131	0.0	0.0	0.0	0.0	3421543.0	1064690.0	0.0	0.0	0.0	6491183.0	0.0	0.0	149374400.0	0.0	493929.0
3646	0.0	0.0	0.0	55534640.0	0.0	0.0	0.0	1058392.0	0.0	0.0	2257077.0	7202590.0	0.0	5048908.0	0.0
1386	0.0	0.0	0.0	0.0	3277590.0	3364020.0	0.0	2898145.0	0.0	0.0	2746461.0	4593627.0	0.0	0.0	2793810.0
154	0.0	0.0	9889468.0	4033176.0	0.0	0.0	3243881.0	0.0	0.0	0.0	0.0	0.0	0.0	0.0	0.0
748	0.0	0.0	0.0	0.0	0.0	86805578.0	0.0	1481999.0	0.0	0.0	1524288.0	1394291.0	0.0	2602542.0	8270241.0
2772	0.0	0.0	0.0	0.0	0.0	0.0	0.0	49679780.0	0.0	0.0	104137410.0	90327020.0	0.0	171769600.0	0.0
1531	0.0	243573.0	0.0	0.0	751833.0	0.0	0.0	0.0	276639.0	7685200.0	0.0	468114.0	0.0	0.0	163562.0
1818	0.0	0.0	0.0	0.0	0.0	0.0	0.0	858230.0	0.0	0.0	634987.0	341008.0	0.0	1002441.0	0.0
1991	0.0	0.0	0.0	0.0	0.0	0.0	0.0	604682.0	0.0	0.0	186683.0	530031.0	0.0	2101844.0	0.0
3777	0.0	346383.0	0.0	0.0	0.0	0.0	0.0	0.0	0.0	0.0	0.0	0.0	0.0	0.0	2192444.0
1070	0.0	0.0	0.0	153095670.0	0.0	0.0	0.0	0.0	0.0	0.0	0.0	0.0	0.0	0.0	0.0
3535	0.0	0.0	0.0	0.0	0.0	53676541.0	0.0	0.0	0.0	0.0	0.0	0.0	0.0	0.0	3448598.0
1466	0.0	0.0	0.0	0.0	1006560.0	25278360.0	0.0	658383.0	0.0	280605820.0	5602601.0	0.0	213232600.0	1870290.0	238260.0
1459	0.0	640065.0	0.0	0.0	0.0	0.0	0.0	0.0	5624973.0	0.0	0.0	0.0	0.0	0.0	0.0
3364	41364996.0	0.0	0.0	0.0	0.0	0.0	0.0	0.0	0.0	0.0	0.0	0.0	0.0	0.0	0.0
3818	0.0	0.0	0.0	0.0	0.0	0.0	0.0	416965.0	0.0	0.0	410092.0	1494463.0	0.0	397861.0	0.0
3655	0.0	0.0	0.0	0.0	0.0	0.0	0.0	2170894.0	0.0	0.0	8117890.0	6437630.0	0.0	17747620.0	0.0
3668	0.0	0.0	0.0	0.0	0.0	0.0	0.0	0.0	0.0	64091875.0	0.0	0.0	10664400.0	0.0	0.0
2177	0.0	0.0	0.0	0.0	0.0	0.0	0.0	0.0	0.0	18355300.0	0.0	0.0	24004200.0	0.0	0.0
109	0.0	0.0	479169.0	561829.0	0.0	0.0	0.0	0.0	0.0	0.0	0.0	0.0	0.0	0.0	0.0
3575	0.0	0.0	0.0	17031600.0	0.0	0.0	0.0	0.0	0.0	0.0	213415.0	0.0	0.0	509564.0	0.0
1014	5062710.0	0.0	0.0	0.0	0.0	0.0	0.0	0.0	0.0	0.0	0.0	118278.0	0.0	0.0	0.0
869	0.0	0.0	0.0	0.0	0.0	0.0	0.0	0.0	0.0	0.0	0.0	170398.0	0.0	223402.0	0.0
3360	746598.0	0.0	0.0	15025280.0	459375.0	21084238.0	0.0	0.0	0.0	72629109.0	0.0	0.0	7715374.0	0.0	1337025.0
3678	0.0	0.0	0.0	0.0	0.0	0.0	0.0	0.0	0.0	655042.0	0.0	0.0	0.0	0.0	0.0
3143	0.0	0.0	0.0	0.0	686396.0	555203.0	0.0	0.0	0.0	3357620.0	0.0	0.0	74745370.0	0.0	0.0
1955	0.0	0.0	0.0	0.0	0.0	0.0	0.0	0.0	0.0	19741100.0	0.0	0.0	7744680.0	0.0	0.0
3180	0.0	0.0	0.0	0.0	0.0	0.0	0.0	0.0	0.0	72412510.0	0.0	0.0	0.0	0.0	0.0
1516	0.0	0.0	0.0	0.0	9805640.0	21015854.0	0.0	0.0	0.0	58443510.0	0.0	0.0	84412130.0	0.0	439082.0
2413	0.0	0.0	0.0	0.0	0.0	0.0	0.0	0.0	0.0	0.0	0.0	0.0	5133645.0	0.0	0.0
3291	0.0	0.0	0.0	0.0	0.0	0.0	0.0	0.0	0.0	8342780.0	0.0	0.0	71289900.0	0.0	0.0
1112	351234.0	0.0	0.0	0.0	0.0	0.0	0.0	0.0	0.0	0.0	0.0	0.0	0.0	0.0	0.0
1777	0.0	0.0	0.0	0.0	0.0	0.0	0.0	0.0	0.0	0.0	212056.0	2970966.0	4490840.0	0.0	0.0
2011	0.0	854067.0	0.0	0.0	0.0	0.0	0.0	0.0	0.0	0.0	0.0	0.0	0.0	0.0	0.0
2341	0.0	432733.0	0.0	0.0	0.0	0.0	0.0	0.0	0.0	0.0	0.0	0.0	0.0	0.0	0.0
1790	0.0	0.0	0.0	0.0	0.0	3688834.0	0.0	521030.0	0.0	0.0	0.0	339218.0	3156668.0	0.0	0.0
3545	0.0	0.0	0.0	0.0	0.0	22892990.0	0.0	0.0	0.0	0.0	0.0	0.0	0.0	0.0	1665645.0
80	1185182.0	0.0	0.0	0.0	0.0	0.0	0.0	0.0	0.0	0.0	0.0	0.0	0.0	0.0	0.0
1949	0.0	0.0	0.0	0.0	0.0	0.0	0.0	21875957.0	0.0	4620640.0	95824526.0	0.0	0.0	77692350.0	0.0
2269	0.0	1806967.0	0.0	0.0	5091401.0	8444460.0	0.0	286171.0	0.0	45018600.0	0.0	0.0	56301200.0	0.0	0.0
1115	0.0	0.0	0.0	0.0	0.0	0.0	0.0	0.0	0.0	0.0	0.0	0.0	8686850.0	0.0	0.0
2881	0.0	0.0	0.0	0.0	0.0	0.0	0.0	1195014.0	0.0	0.0	3007140.0	3455370.0	0.0	0.0	0.0
3243	0.0	0.0	0.0	0.0	474761.0	0.0	0.0	0.0	0.0	0.0	0.0	0.0	16937050.0	0.0	437030.0
1028	0.0	0.0	2748230.0	0.0	0.0	0.0	2608050.0	0.0	0.0	0.0	0.0	0.0	0.0	0.0	0.0
2640	0.0	0.0	0.0	0.0	0.0	1383820.0	0.0	0.0	0.0	0.0	0.0	337501.0	10296800.0	0.0	0.0
1605	0.0	0.0	0.0	0.0	0.0	0.0	0.0	167658.0	0.0	0.0	0.0	0.0	0.0	1025210.0	0.0
3098	0.0	0.0	0.0	0.0	0.0	0.0	0.0	394383.0	0.0	0.0	0.0	682723.0	0.0	0.0	0.0
3426	0.0	0.0	0.0	0.0	222653.0	0.0	0.0	0.0	0.0	4466048.0	0.0	0.0	1193792.0	0.0	0.0
2633	0.0	0.0	0.0	0.0	0.0	0.0	0.0	0.0	0.0	0.0	0.0	1062432.0	0.0	0.0	0.0
2416	0.0	0.0	0.0	0.0	0.0	0.0	0.0	278555.0	0.0	0.0	0.0	1528448.0	0.0	0.0	0.0
2629	0.0	0.0	0.0	0.0	0.0	0.0	0.0	2039043.0	0.0	0.0	2158190.0	0.0	0.0	0.0	0.0
1888	21094520.0	299847.0	2506300.0	169863920.0	8317908.0	0.0	6275240.0	1686980.0	4476042.0	0.0	111576664.0	751613.0	7871900.0	209849840.0	309781.0
2960	0.0	0.0	0.0	0.0	0.0	0.0	0.0	0.0	0.0	0.0	0.0	3404813.0	0.0	0.0	0.0
2295	0.0	0.0	0.0	0.0	0.0	0.0	0.0	2902370.0	0.0	0.0	1313280.0	0.0	0.0	4632796.0	0.0
1101	0.0	0.0	3201280.0	34068600.0	3629340.0	19754354.0	13791850.0	431375.0	0.0	16000860.0	769657.0	727165.0	62377600.0	1997114.0	0.0
3092	0.0	0.0	0.0	0.0	0.0	1343213.0	0.0	0.0	0.0	0.0	0.0	0.0	0.0	0.0	6715460.0
3815	0.0	0.0	0.0	0.0	0.0	0.0	0.0	0.0	0.0	2169453.0	0.0	0.0	0.0	0.0	0.0
3748	0.0	0.0	0.0	0.0	0.0	0.0	0.0	0.0	0.0	0.0	0.0	0.0	7037300.0	0.0	0.0
1453	0.0	0.0	0.0	0.0	0.0	0.0	0.0	1176282.0	0.0	0.0	3445514.0	470478.0	0.0	6380037.0	0.0
3637	0.0	0.0	0.0	0.0	0.0	1737099.0	0.0	0.0	0.0	0.0	0.0	0.0	0.0	0.0	0.0
2230	0.0	0.0	0.0	0.0	0.0	0.0	0.0	0.0	0.0	0.0	1635894.0	0.0	0.0	910822.0	0.0
2019	0.0	0.0	0.0	0.0	0.0	0.0	0.0	0.0	1197839.0	0.0	0.0	0.0	0.0	0.0	0.0
1539	0.0	0.0	0.0	0.0	0.0	30997170.0	0.0	0.0	0.0	0.0	0.0	0.0	0.0	0.0	0.0
1221	0.0	0.0	0.0	0.0	0.0	0.0	0.0	1673400.0	0.0	5092358.0	404897.0	3164120.0	0.0	0.0	0.0
3820	0.0	0.0	0.0	0.0	0.0	0.0	0.0	0.0	0.0	0.0	0.0	0.0	0.0	939781.0	0.0
3187	0.0	0.0	0.0	2468020.0	0.0	1763610.0	0.0	0.0	0.0	0.0	0.0	0.0	0.0	0.0	0.0
2532	0.0	0.0	0.0	0.0	0.0	0.0	0.0	657599.0	0.0	0.0	0.0	0.0	0.0	0.0	254778.0
1619	0.0	0.0	0.0	0.0	1189153.0	0.0	0.0	0.0	188787.0	0.0	52033405.0	0.0	0.0	20973550.0	0.0
2301	0.0	0.0	0.0	0.0	0.0	0.0	0.0	0.0	0.0	0.0	0.0	2804680.0	0.0	0.0	0.0
2146	0.0	0.0	0.0	0.0	0.0	0.0	0.0	0.0	0.0	0.0	14091780.0	0.0	0.0	0.0	0.0
334	0.0	0.0	474637.0	1245400.0	0.0	0.0	0.0	0.0	0.0	0.0	0.0	0.0	0.0	0.0	0.0
1547	0.0	0.0	0.0	0.0	0.0	0.0	0.0	0.0	0.0	3423729.0	0.0	0.0	13665500.0	0.0	0.0
945	0.0	0.0	0.0	0.0	0.0	0.0	0.0	0.0	0.0	0.0	1026726.0	0.0	0.0	0.0	0.0
1960	0.0	0.0	0.0	0.0	0.0	0.0	0.0	7072342.0	0.0	0.0	11464491.0	8237580.0	0.0	21212462.0	0.0
1867	0.0	0.0	0.0	2260950.0	0.0	0.0	0.0	0.0	0.0	207162.0	0.0	0.0	239022.0	0.0	0.0
1106	0.0	0.0	0.0	0.0	0.0	0.0	0.0	0.0	0.0	1706150.0	0.0	0.0	11291300.0	0.0	0.0
2143	0.0	0.0	0.0	0.0	0.0	0.0	0.0	0.0	0.0	0.0	208763.0	0.0	0.0	376781.0	0.0
189	0.0	0.0	0.0	0.0	0.0	0.0	3242650.0	0.0	0.0	6958850.0	0.0	0.0	0.0	0.0	0.0
1479	0.0	0.0	5440410.0	0.0	0.0	0.0	0.0	0.0	0.0	0.0	0.0	0.0	0.0	0.0	0.0
3613	0.0	0.0	0.0	0.0	0.0	5067261.0	0.0	0.0	0.0	0.0	0.0	0.0	0.0	0.0	1492180.0
3603	446144.0	0.0	0.0	0.0	0.0	0.0	0.0	0.0	0.0	0.0	0.0	0.0	0.0	0.0	0.0
3515	0.0	0.0	0.0	0.0	0.0	0.0	0.0	134307.0	0.0	0.0	0.0	135150.0	0.0	0.0	0.0
3419	276878.0	0.0	0.0	0.0	0.0	0.0	0.0	0.0	0.0	2316050.0	0.0	0.0	0.0	0.0	0.0
3816	0.0	0.0	0.0	0.0	0.0	0.0	0.0	480121.0	0.0	0.0	811820.0	1618927.0	0.0	1866302.0	0.0
3868	0.0	0.0	0.0	0.0	0.0	0.0	0.0	570194.0	0.0	0.0	2692670.0	2792835.0	0.0	7369991.0	357746.0
1214	0.0	0.0	0.0	0.0	0.0	0.0	0.0	0.0	0.0	4116430.0	0.0	0.0	1163780.0	0.0	0.0
187	0.0	0.0	2213370.0	0.0	0.0	0.0	0.0	0.0	0.0	687158.0	0.0	0.0	0.0	0.0	0.0
318	0.0	0.0	0.0	1408592.0	0.0	0.0	0.0	0.0	0.0	248335.0	0.0	0.0	0.0	0.0	0.0
1200	0.0	0.0	0.0	0.0	0.0	0.0	0.0	0.0	0.0	0.0	1279757.0	726497.0	0.0	1698336.0	0.0
451	0.0	0.0	0.0	0.0	0.0	0.0	0.0	0.0	0.0	2690694.0	0.0	0.0	0.0	0.0	0.0
1145	58545850.0	0.0	0.0	0.0	0.0	1315420.0	0.0	135048.0	0.0	3818920.0	3288339.0	1950996.0	0.0	1947145.0	0.0
2167	0.0	0.0	0.0	0.0	0.0	0.0	0.0	0.0	0.0	0.0	19935500.0	0.0	0.0	0.0	0.0
1913	0.0	0.0	0.0	45744700.0	0.0	0.0	0.0	0.0	0.0	0.0	39263800.0	0.0	0.0	62590200.0	0.0
1099	0.0	0.0	0.0	0.0	10366680.0	0.0	0.0	0.0	0.0	13123820.0	0.0	0.0	51955940.0	0.0	0.0
1911	0.0	0.0	0.0	0.0	2653510.0	0.0	0.0	0.0	0.0	0.0	4354460.0	0.0	0.0	13686170.0	0.0
3850	0.0	0.0	0.0	0.0	0.0	138640.0	0.0	0.0	0.0	0.0	0.0	800785.0	0.0	0.0	0.0
1010	18143459.0	0.0	0.0	0.0	0.0	0.0	0.0	0.0	0.0	0.0	0.0	0.0	0.0	0.0	0.0
111	0.0	0.0	0.0	1332590.0	0.0	0.0	554452.0	0.0	0.0	0.0	0.0	0.0	0.0	0.0	0.0
3378	1010446.0	0.0	0.0	0.0	0.0	0.0	0.0	0.0	0.0	0.0	0.0	0.0	0.0	0.0	0.0
593	0.0	0.0	0.0	0.0	0.0	0.0	0.0	0.0	0.0	0.0	0.0	0.0	2224474.0	0.0	0.0
3562	0.0	0.0	0.0	0.0	0.0	174850.0	0.0	0.0	0.0	0.0	0.0	0.0	0.0	0.0	240404.0
1540	1347544.0	0.0	0.0	0.0	0.0	0.0	0.0	0.0	0.0	0.0	0.0	0.0	0.0	0.0	0.0
815	0.0	0.0	5780910.0	3501680.0	0.0	0.0	2576660.0	0.0	0.0	0.0	0.0	0.0	0.0	0.0	0.0
3244	0.0	0.0	0.0	0.0	0.0	0.0	0.0	345844.0	0.0	1014260.0	676813.0	0.0	0.0	0.0	0.0
3135	0.0	0.0	0.0	0.0	0.0	0.0	0.0	3332405.0	0.0	0.0	3462153.0	0.0	0.0	8025957.0	0.0
2868	0.0	0.0	0.0	0.0	0.0	0.0	0.0	3694132.0	0.0	0.0	7892810.0	9196190.0	0.0	0.0	0.0
315	0.0	0.0	0.0	0.0	0.0	0.0	0.0	0.0	0.0	0.0	0.0	174450.0	0.0	309091.0	0.0
2357	0.0	0.0	0.0	0.0	0.0	0.0	0.0	49318450.0	0.0	0.0	41707960.0	55588260.0	0.0	65219120.0	0.0
2921	0.0	0.0	0.0	0.0	0.0	0.0	0.0	568185.0	0.0	0.0	0.0	1025183.0	0.0	0.0	0.0
3839	0.0	2925177.0	0.0	0.0	0.0	0.0	0.0	0.0	10909160.0	0.0	0.0	0.0	0.0	0.0	0.0
2971	0.0	0.0	0.0	0.0	1258511.0	1887479.0	0.0	392171.0	0.0	8972052.0	6093220.0	612029.0	0.0	11323116.0	0.0
3723	0.0	0.0	0.0	0.0	799604.0	0.0	0.0	0.0	0.0	0.0	0.0	0.0	0.0	0.0	0.0
2258	0.0	0.0	0.0	0.0	0.0	0.0	0.0	0.0	0.0	0.0	614890.0	0.0	0.0	592682.0	0.0
563	0.0	0.0	6959480.0	0.0	0.0	0.0	3099750.0	0.0	0.0	0.0	0.0	0.0	0.0	0.0	0.0
3189	13963330.0	0.0	0.0	0.0	0.0	1268330.0	0.0	0.0	0.0	0.0	0.0	0.0	0.0	0.0	0.0
3142	0.0	0.0	0.0	0.0	0.0	0.0	0.0	0.0	0.0	0.0	0.0	0.0	0.0	0.0	1022122.0
3567	0.0	0.0	0.0	2608400.0	0.0	0.0	0.0	198654.0	0.0	0.0	0.0	0.0	0.0	0.0	0.0
2343	0.0	0.0	0.0	0.0	0.0	0.0	0.0	7359200.0	0.0	0.0	9109490.0	0.0	0.0	13940100.0	0.0
75	0.0	0.0	0.0	1124229.0	0.0	0.0	0.0	0.0	0.0	0.0	0.0	0.0	0.0	0.0	0.0
1154	0.0	0.0	0.0	0.0	0.0	0.0	0.0	260276.0	0.0	0.0	0.0	875600.0	0.0	1217530.0	0.0
962	0.0	0.0	0.0	0.0	0.0	245493.0	0.0	0.0	0.0	889439.0	0.0	107335.0	286316.0	0.0	0.0
3064	0.0	0.0	0.0	0.0	0.0	4671694.0	0.0	1914658.0	0.0	0.0	0.0	4238635.0	0.0	0.0	0.0
2743	478784.0	0.0	0.0	0.0	0.0	0.0	0.0	0.0	0.0	0.0	0.0	0.0	0.0	0.0	0.0
2239	0.0	0.0	0.0	0.0	0.0	0.0	5602610.0	0.0	0.0	0.0	0.0	0.0	0.0	0.0	0.0
1687	0.0	0.0	0.0	0.0	0.0	0.0	0.0	472827.0	0.0	0.0	0.0	1525652.0	0.0	0.0	0.0
2763	1271273.0	0.0	0.0	0.0	0.0	0.0	0.0	0.0	0.0	0.0	0.0	0.0	0.0	0.0	0.0
1186	0.0	0.0	0.0	5981680.0	0.0	0.0	0.0	0.0	0.0	0.0	0.0	0.0	0.0	0.0	0.0
2510	0.0	0.0	0.0	0.0	0.0	0.0	0.0	204096.0	0.0	0.0	182686.0	0.0	0.0	0.0	0.0
797	0.0	0.0	11448810.0	0.0	0.0	0.0	0.0	0.0	0.0	0.0	0.0	0.0	0.0	0.0	0.0
3208	0.0	0.0	0.0	0.0	1092747.0	0.0	0.0	0.0	0.0	0.0	0.0	0.0	10455378.0	0.0	0.0
2925	0.0	0.0	0.0	0.0	0.0	0.0	0.0	359243.0	0.0	0.0	0.0	0.0	0.0	0.0	0.0
659	0.0	0.0	3161550.0	0.0	0.0	0.0	0.0	0.0	0.0	0.0	0.0	0.0	0.0	0.0	0.0
3872	0.0	0.0	0.0	0.0	0.0	0.0	0.0	774477.0	0.0	0.0	1608380.0	1614920.0	0.0	3733000.0	0.0
2618	0.0	0.0	0.0	0.0	0.0	0.0	0.0	10229680.0	0.0	0.0	12142120.0	6700331.0	0.0	17179932.0	0.0
2119	0.0	0.0	0.0	0.0	125394.0	0.0	0.0	0.0	0.0	0.0	0.0	0.0	0.0	1273100.0	0.0
3857	0.0	0.0	0.0	0.0	0.0	2985190.0	0.0	0.0	0.0	15672900.0	0.0	0.0	22682420.0	3116940.0	196160.0
102	0.0	0.0	0.0	928797.0	0.0	0.0	0.0	0.0	0.0	0.0	0.0	0.0	0.0	0.0	0.0
3278	0.0	0.0	0.0	0.0	4359085.0	0.0	0.0	0.0	0.0	6501191.0	0.0	0.0	17723310.0	0.0	0.0
1989	0.0	0.0	2877030.0	6634330.0	0.0	5862390.0	0.0	0.0	0.0	0.0	0.0	0.0	0.0	0.0	0.0
3544	0.0	0.0	0.0	0.0	0.0	4112890.0	0.0	222343.0	0.0	0.0	0.0	2592377.0	0.0	0.0	905966.0
317	0.0	0.0	586003.0	0.0	0.0	0.0	760847.0	0.0	0.0	0.0	0.0	0.0	0.0	0.0	0.0
3840	0.0	288012.0	0.0	0.0	0.0	0.0	0.0	0.0	437551.0	0.0	0.0	0.0	0.0	0.0	0.0
2188	0.0	0.0	0.0	0.0	0.0	0.0	0.0	2508320.0	0.0	0.0	1788360.0	0.0	0.0	6210590.0	0.0
1730	6652177.0	0.0	0.0	0.0	0.0	0.0	0.0	0.0	0.0	0.0	0.0	0.0	0.0	0.0	0.0
3752	0.0	0.0	0.0	0.0	0.0	960811.0	0.0	0.0	0.0	0.0	0.0	371188.0	0.0	0.0	0.0
2994	0.0	0.0	0.0	0.0	0.0	1121732.0	0.0	0.0	0.0	1272400.0	0.0	0.0	704892.0	1187800.0	0.0
3471	0.0	0.0	0.0	0.0	0.0	444349.0	0.0	0.0	0.0	0.0	0.0	0.0	0.0	0.0	182993.0
1477	0.0	9833790.0	0.0	0.0	20024540.0	0.0	0.0	0.0	5319459.0	0.0	0.0	0.0	0.0	1135310.0	0.0
1693	0.0	0.0	2355360.0	0.0	0.0	1008493.0	0.0	0.0	0.0	0.0	0.0	0.0	0.0	0.0	0.0
1759	0.0	849218.0	0.0	0.0	2291812.0	11605978.0	0.0	0.0	0.0	0.0	488150.0	0.0	0.0	21988530.0	0.0
1628	0.0	0.0	0.0	0.0	923683.0	0.0	0.0	0.0	0.0	0.0	0.0	141700.0	0.0	789569.0	0.0
1422	0.0	0.0	0.0	0.0	0.0	0.0	0.0	0.0	1088698.0	0.0	1078846.0	0.0	0.0	355602.0	0.0
3631	0.0	0.0	0.0	0.0	0.0	0.0	0.0	0.0	0.0	26464580.0	0.0	0.0	8174600.0	0.0	0.0
3593	0.0	0.0	0.0	0.0	0.0	0.0	0.0	0.0	0.0	6909680.0	0.0	0.0	5836470.0	0.0	0.0
3152	0.0	0.0	0.0	0.0	0.0	0.0	0.0	0.0	0.0	0.0	0.0	0.0	0.0	0.0	524839.0
1726	0.0	0.0	0.0	0.0	0.0	721978.0	0.0	0.0	0.0	0.0	0.0	0.0	0.0	0.0	0.0
3697	0.0	0.0	0.0	38186880.0	0.0	0.0	0.0	461319.0	0.0	19640820.0	875945.0	5500087.0	4084450.0	1607758.0	266356.0
1144	0.0	0.0	0.0	0.0	0.0	0.0	0.0	1317552.0	0.0	0.0	640382.0	0.0	0.0	278975.0	0.0
201	0.0	0.0	1694010.0	2228623.0	0.0	0.0	3070520.0	0.0	0.0	0.0	0.0	0.0	0.0	0.0	0.0
3730	0.0	0.0	0.0	0.0	0.0	0.0	0.0	305524.0	0.0	0.0	0.0	0.0	0.0	0.0	234787.0
2569	0.0	0.0	0.0	0.0	0.0	0.0	0.0	0.0	0.0	664705.0	0.0	0.0	857334.0	0.0	0.0
2603	0.0	0.0	0.0	0.0	0.0	0.0	0.0	0.0	0.0	0.0	0.0	0.0	97111000.0	0.0	0.0
1786	1162339.0	0.0	0.0	2345230.0	0.0	0.0	1993490.0	0.0	0.0	0.0	531922.0	0.0	0.0	0.0	0.0
2443	0.0	0.0	0.0	0.0	0.0	0.0	0.0	0.0	0.0	0.0	237859.0	0.0	0.0	143905.0	0.0
3262	0.0	0.0	0.0	0.0	0.0	0.0	0.0	0.0	1173891.0	0.0	0.0	0.0	0.0	0.0	0.0
1073	0.0	0.0	1073840.0	2502370.0	0.0	0.0	0.0	0.0	0.0	0.0	0.0	0.0	0.0	0.0	0.0
2349	0.0	0.0	0.0	0.0	0.0	0.0	0.0	180668.0	0.0	0.0	1822279.0	0.0	0.0	3129990.0	0.0
1943	0.0	1992978.0	0.0	0.0	273095.0	12747160.0	0.0	0.0	0.0	0.0	0.0	0.0	23463700.0	0.0	137440.0
2207	0.0	0.0	0.0	0.0	0.0	0.0	0.0	123826.0	0.0	0.0	1355173.0	0.0	0.0	1307593.0	0.0
3825	0.0	0.0	0.0	0.0	0.0	0.0	0.0	0.0	887412.0	0.0	0.0	0.0	0.0	0.0	0.0
3363	0.0	0.0	0.0	0.0	0.0	0.0	0.0	0.0	794696.0	0.0	0.0	0.0	0.0	0.0	0.0
1128	89125100.0	0.0	0.0	0.0	0.0	6492070.0	0.0	2660730.0	0.0	0.0	0.0	9323471.0	0.0	2332936.0	0.0
2366	215239.0	0.0	0.0	0.0	0.0	0.0	0.0	1856450.0	0.0	0.0	0.0	1715940.0	0.0	0.0	0.0
44	0.0	0.0	7750050.0	0.0	0.0	0.0	0.0	997052.0	0.0	0.0	1482107.0	850855.0	0.0	2483234.0	0.0
1678	0.0	0.0	0.0	0.0	0.0	0.0	0.0	0.0	0.0	0.0	0.0	2213313.0	0.0	0.0	0.0
2716	0.0	0.0	0.0	0.0	0.0	0.0	0.0	377936.0	0.0	0.0	8935598.0	1280839.0	0.0	18892697.0	0.0
2060	0.0	0.0	0.0	0.0	0.0	0.0	0.0	0.0	0.0	8572490.0	0.0	0.0	6527120.0	0.0	0.0
1391	0.0	0.0	0.0	0.0	0.0	0.0	0.0	1002530.0	0.0	0.0	793168.0	0.0	0.0	2263440.0	0.0
1863	148552.0	0.0	0.0	0.0	0.0	0.0	0.0	0.0	0.0	0.0	0.0	0.0	161664.0	0.0	0.0
3643	0.0	0.0	0.0	0.0	0.0	0.0	0.0	0.0	0.0	0.0	0.0	703204.0	0.0	0.0	0.0
1929	0.0	0.0	0.0	0.0	0.0	0.0	0.0	0.0	0.0	0.0	15184420.0	12441750.0	0.0	0.0	0.0
15	0.0	0.0	1503710.0	1741237.0	0.0	0.0	2103718.0	0.0	0.0	0.0	0.0	0.0	0.0	0.0	0.0
2001	658509.0	0.0	0.0	0.0	0.0	0.0	0.0	160583.0	0.0	0.0	1461360.0	2276390.0	0.0	0.0	0.0
1920	0.0	0.0	0.0	0.0	0.0	4774883.0	0.0	29267383.0	0.0	1540502.0	44996780.0	33768307.0	0.0	53623136.0	13706729.0
1447	0.0	0.0	0.0	6285270.0	0.0	3175380.0	3708810.0	213752.0	0.0	4669850.0	0.0	0.0	0.0	0.0	0.0
1905	0.0	0.0	0.0	0.0	0.0	0.0	0.0	0.0	0.0	2796483.0	0.0	0.0	2735410.0	0.0	0.0
52	0.0	0.0	0.0	480973.0	0.0	0.0	658743.0	0.0	0.0	0.0	0.0	0.0	0.0	0.0	0.0
2598	0.0	0.0	0.0	0.0	0.0	0.0	0.0	339045.0	0.0	0.0	592385.0	0.0	0.0	523124.0	0.0
357	0.0	0.0	0.0	2523700.0	0.0	0.0	1913130.0	0.0	0.0	0.0	0.0	0.0	0.0	0.0	0.0
1585	0.0	0.0	0.0	0.0	0.0	2854274.0	0.0	0.0	0.0	0.0	0.0	0.0	0.0	0.0	0.0
1259	0.0	0.0	0.0	0.0	0.0	0.0	0.0	0.0	0.0	0.0	0.0	0.0	6132789.0	0.0	0.0
1456	0.0	0.0	0.0	0.0	1474388.0	0.0	0.0	0.0	0.0	2412326.0	0.0	0.0	8218160.0	0.0	0.0
1224	0.0	0.0	0.0	0.0	0.0	0.0	0.0	0.0	0.0	0.0	210434.0	0.0	0.0	898359.0	0.0
138	0.0	0.0	500487.0	467950.0	0.0	0.0	1433460.0	0.0	0.0	0.0	0.0	0.0	0.0	0.0	0.0
2351	0.0	0.0	0.0	0.0	0.0	0.0	0.0	0.0	0.0	0.0	1584528.0	0.0	0.0	1219269.0	0.0
1113	5272422.0	0.0	0.0	0.0	0.0	0.0	0.0	0.0	0.0	0.0	0.0	0.0	0.0	0.0	0.0
1337	0.0	0.0	0.0	8146770.0	0.0	0.0	0.0	0.0	0.0	0.0	0.0	0.0	0.0	0.0	0.0
3561	0.0	0.0	0.0	0.0	0.0	403337.0	0.0	0.0	0.0	0.0	0.0	0.0	0.0	0.0	0.0
983	0.0	0.0	0.0	0.0	0.0	0.0	0.0	0.0	0.0	0.0	504060.0	0.0	0.0	823509.0	0.0
2714	0.0	0.0	0.0	0.0	0.0	0.0	0.0	2427840.0	0.0	0.0	6336540.0	4527550.0	0.0	11548350.0	0.0
2298	0.0	0.0	0.0	0.0	0.0	24127310.0	0.0	0.0	0.0	0.0	0.0	0.0	0.0	0.0	0.0
2895	9385970.0	0.0	0.0	0.0	0.0	0.0	0.0	0.0	0.0	0.0	0.0	0.0	0.0	0.0	0.0
1770	0.0	0.0	0.0	0.0	0.0	0.0	0.0	177122.0	0.0	0.0	566103.0	415705.0	0.0	3299878.0	0.0
1260	0.0	757368.0	0.0	0.0	0.0	0.0	0.0	0.0	0.0	0.0	0.0	0.0	0.0	0.0	0.0
3188	0.0	21695460.0	0.0	0.0	0.0	0.0	0.0	0.0	150601430.0	0.0	0.0	0.0	0.0	0.0	0.0
3450	2498475.0	0.0	0.0	0.0	0.0	0.0	0.0	0.0	0.0	0.0	0.0	0.0	0.0	0.0	0.0
858	0.0	0.0	546132.0	0.0	0.0	0.0	3256460.0	0.0	0.0	0.0	0.0	0.0	0.0	0.0	0.0
2990	0.0	0.0	0.0	0.0	0.0	510649.0	0.0	0.0	0.0	0.0	0.0	0.0	0.0	0.0	1862013.0
1167	0.0	0.0	0.0	0.0	1012860.0	0.0	0.0	0.0	0.0	16869290.0	0.0	0.0	22564160.0	0.0	0.0
3845	0.0	1042094.0	0.0	0.0	427256.0	11070728.0	0.0	1114270.0	0.0	42818220.0	1949437.0	970630.0	37354146.0	5456620.0	599349.0
3236	186747690.0	2310730.0	0.0	37213610.0	1215691.0	49308707.0	0.0	0.0	0.0	191594870.0	0.0	0.0	9760150.0	0.0	375266.0
402	0.0	0.0	766014.0	3777660.0	0.0	0.0	1861970.0	0.0	0.0	0.0	0.0	0.0	0.0	0.0	0.0
612	0.0	0.0	0.0	0.0	0.0	9658270.0	0.0	3237400.0	0.0	0.0	3900069.0	2723000.0	0.0	7728261.0	0.0
737	0.0	0.0	0.0	0.0	0.0	0.0	0.0	0.0	0.0	0.0	0.0	114286.0	0.0	225155.0	0.0
2854	0.0	904985.0	0.0	0.0	0.0	0.0	0.0	0.0	1682513.0	0.0	0.0	0.0	0.0	0.0	0.0
2382	0.0	0.0	0.0	0.0	0.0	5745710.0	0.0	0.0	0.0	0.0	0.0	0.0	7876330.0	0.0	0.0
1413	0.0	0.0	0.0	0.0	128169.0	594683.0	0.0	0.0	0.0	0.0	0.0	0.0	0.0	0.0	0.0
2889	0.0	0.0	0.0	0.0	0.0	0.0	0.0	0.0	0.0	0.0	985262.0	0.0	0.0	1895870.0	0.0
1332	0.0	0.0	0.0	11656630.0	0.0	0.0	0.0	0.0	0.0	0.0	0.0	0.0	0.0	0.0	0.0
397	0.0	0.0	0.0	409574.0	0.0	0.0	0.0	0.0	0.0	0.0	0.0	0.0	1314360.0	0.0	0.0
1928	0.0	0.0	0.0	0.0	0.0	0.0	0.0	2220617.0	0.0	0.0	2607585.0	1250262.0	0.0	7364387.0	0.0
1981	0.0	0.0	0.0	0.0	0.0	0.0	0.0	0.0	0.0	0.0	37130500.0	0.0	0.0	84882300.0	0.0
1375	0.0	0.0	0.0	0.0	0.0	0.0	0.0	0.0	0.0	0.0	0.0	8959660.0	0.0	0.0	0.0
1848	0.0	0.0	0.0	0.0	0.0	0.0	0.0	0.0	0.0	7339240.0	0.0	0.0	6121230.0	0.0	0.0
2136	0.0	0.0	10995210.0	0.0	0.0	0.0	0.0	0.0	0.0	0.0	1823740.0	10285930.0	0.0	4742540.0	0.0
2793	0.0	0.0	0.0	0.0	0.0	0.0	0.0	0.0	0.0	543525.0	0.0	0.0	741997.0	0.0	0.0
3566	0.0	0.0	0.0	0.0	0.0	0.0	0.0	0.0	0.0	8036130.0	0.0	0.0	0.0	0.0	0.0
1351	0.0	0.0	0.0	0.0	0.0	0.0	0.0	0.0	3650488.0	0.0	0.0	0.0	0.0	0.0	0.0
1868	216671.0	0.0	0.0	0.0	0.0	0.0	0.0	0.0	0.0	0.0	0.0	0.0	0.0	0.0	0.0
2480	0.0	0.0	0.0	0.0	0.0	0.0	0.0	4119361.0	0.0	0.0	5773709.0	3907660.0	0.0	10925370.0	0.0
1159	0.0	0.0	0.0	0.0	0.0	1098320.0	0.0	0.0	0.0	0.0	0.0	0.0	0.0	0.0	340665.0
2566	0.0	0.0	0.0	0.0	1903581.0	2893703.0	0.0	0.0	0.0	3038650.0	0.0	0.0	8529400.0	0.0	601374.0
1538	0.0	0.0	6126690.0	0.0	0.0	0.0	0.0	162446.0	0.0	0.0	1854860.0	0.0	0.0	1795920.0	0.0
381	0.0	0.0	524260.0	2053797.0	0.0	0.0	0.0	0.0	0.0	0.0	0.0	0.0	0.0	0.0	0.0
3652	0.0	0.0	0.0	0.0	0.0	0.0	0.0	157090.0	0.0	0.0	0.0	946658.0	0.0	0.0	0.0
982	0.0	0.0	2712600.0	1147710.0	0.0	0.0	0.0	0.0	0.0	0.0	0.0	0.0	0.0	0.0	0.0
1703	0.0	0.0	0.0	0.0	0.0	0.0	0.0	0.0	0.0	0.0	35416680.0	0.0	0.0	19586900.0	0.0
3744	0.0	0.0	0.0	2500960.0	0.0	0.0	0.0	0.0	0.0	31564720.0	431879.0	0.0	0.0	0.0	0.0
2363	0.0	0.0	0.0	0.0	0.0	7836300.0	0.0	0.0	0.0	0.0	0.0	0.0	10867770.0	0.0	0.0
2020	0.0	0.0	2338620.0	0.0	0.0	0.0	0.0	0.0	0.0	0.0	0.0	906575.0	0.0	0.0	901114.0
3679	0.0	390818.0	0.0	0.0	0.0	0.0	0.0	0.0	0.0	0.0	0.0	0.0	0.0	0.0	0.0
1995	0.0	0.0	0.0	0.0	0.0	0.0	0.0	0.0	0.0	0.0	241275.0	0.0	0.0	274918.0	0.0
1304	0.0	0.0	0.0	0.0	0.0	0.0	0.0	301386.0	0.0	0.0	0.0	213057.0	0.0	0.0	0.0
2944	0.0	0.0	0.0	0.0	0.0	0.0	0.0	188948.0	0.0	0.0	286922.0	0.0	0.0	851127.0	0.0
1381	0.0	0.0	0.0	0.0	0.0	0.0	0.0	0.0	317169.0	0.0	0.0	0.0	0.0	0.0	0.0
2157	0.0	241377.0	0.0	0.0	3109100.0	4056300.0	0.0	0.0	242426.0	79705360.0	0.0	846146.0	162412700.0	0.0	305455.0
426	0.0	0.0	0.0	0.0	0.0	0.0	0.0	678760.0	0.0	0.0	0.0	674565.0	0.0	281744.0	0.0
3385	0.0	0.0	0.0	0.0	1100899.0	0.0	0.0	0.0	0.0	0.0	0.0	0.0	2373060.0	0.0	0.0
760	0.0	0.0	0.0	0.0	0.0	1447170.0	0.0	0.0	0.0	0.0	0.0	0.0	0.0	0.0	135919.0
3864	0.0	0.0	0.0	0.0	0.0	571022.0	0.0	0.0	0.0	0.0	0.0	0.0	0.0	3301387.0	0.0
3534	0.0	0.0	0.0	0.0	196182.0	5206710.0	0.0	222343.0	0.0	2088920.0	0.0	4540697.0	0.0	0.0	1075200.0
188	0.0	0.0	3490050.0	1202010.0	0.0	0.0	0.0	0.0	0.0	0.0	0.0	0.0	0.0	0.0	0.0
3412	0.0	0.0	0.0	0.0	0.0	115581.0	0.0	969958.0	0.0	0.0	0.0	0.0	0.0	0.0	0.0
3200	0.0	9357173.0	0.0	0.0	0.0	0.0	0.0	0.0	55019442.0	0.0	0.0	0.0	0.0	0.0	0.0
825	0.0	0.0	12315110.0	0.0	0.0	0.0	0.0	0.0	0.0	0.0	0.0	0.0	0.0	0.0	0.0
3635	0.0	0.0	0.0	0.0	0.0	2238529.0	0.0	0.0	0.0	0.0	0.0	0.0	0.0	0.0	0.0
3771	1202020.0	0.0	0.0	0.0	0.0	0.0	0.0	0.0	0.0	0.0	0.0	0.0	0.0	0.0	0.0
359	0.0	0.0	906298.0	0.0	0.0	0.0	672709.0	0.0	0.0	0.0	0.0	0.0	0.0	0.0	0.0
3526	0.0	0.0	0.0	2565400.0	0.0	0.0	0.0	0.0	0.0	3437870.0	0.0	0.0	0.0	0.0	0.0
3059	0.0	0.0	0.0	0.0	0.0	363921.0	0.0	0.0	0.0	0.0	0.0	0.0	0.0	0.0	0.0
1865	1808861.0	0.0	0.0	0.0	0.0	0.0	0.0	0.0	0.0	0.0	0.0	0.0	0.0	0.0	0.0
2286	0.0	0.0	0.0	0.0	0.0	0.0	0.0	0.0	0.0	0.0	0.0	0.0	0.0	0.0	355926.0
1323	0.0	228834.0	0.0	0.0	0.0	0.0	0.0	0.0	0.0	0.0	0.0	0.0	0.0	0.0	0.0
2878	0.0	0.0	0.0	0.0	0.0	0.0	0.0	3506168.0	0.0	0.0	5270800.0	0.0	0.0	15044858.0	0.0
3653	0.0	0.0	0.0	0.0	541594.0	0.0	0.0	0.0	0.0	20328140.0	0.0	0.0	0.0	0.0	0.0
3499	0.0	0.0	0.0	0.0	402681.0	0.0	0.0	0.0	0.0	10366810.0	0.0	0.0	0.0	0.0	0.0
3649	0.0	0.0	0.0	0.0	905901.0	0.0	0.0	0.0	0.0	0.0	0.0	0.0	0.0	0.0	0.0
3676	0.0	0.0	0.0	0.0	0.0	0.0	0.0	0.0	0.0	50057900.0	0.0	0.0	8947660.0	0.0	0.0
1491	0.0	3539160.0	0.0	0.0	0.0	0.0	0.0	0.0	1282220.0	0.0	0.0	0.0	0.0	0.0	0.0
2464	0.0	0.0	0.0	0.0	0.0	0.0	0.0	0.0	0.0	0.0	936650.0	0.0	0.0	294096.0	0.0
1075	0.0	0.0	0.0	0.0	0.0	2818870.0	10622300.0	1090183.0	0.0	1339670.0	991353.0	0.0	12619800.0	1211758.0	0.0
2121	0.0	0.0	0.0	0.0	1924772.0	0.0	0.0	0.0	0.0	0.0	0.0	0.0	0.0	0.0	0.0
896	0.0	0.0	0.0	0.0	0.0	0.0	0.0	0.0	0.0	2291845.0	0.0	0.0	0.0	0.0	0.0
1940	0.0	0.0	0.0	0.0	0.0	0.0	0.0	0.0	0.0	0.0	0.0	0.0	0.0	0.0	494982.0
1544	0.0	0.0	0.0	0.0	0.0	0.0	0.0	2261422.0	0.0	0.0	7183097.0	8311130.0	0.0	14375505.0	0.0
441	0.0	0.0	0.0	0.0	0.0	2003113.0	0.0	0.0	0.0	3083070.0	0.0	0.0	0.0	0.0	0.0
1886	0.0	0.0	0.0	0.0	0.0	0.0	0.0	0.0	0.0	0.0	0.0	347081.0	1035090.0	0.0	0.0
528	0.0	0.0	0.0	0.0	0.0	0.0	0.0	0.0	0.0	0.0	0.0	4275463.0	0.0	0.0	0.0
892	0.0	0.0	0.0	0.0	0.0	0.0	0.0	2979112.0	0.0	0.0	16513480.0	519893.0	0.0	21655982.0	0.0
1715	0.0	0.0	0.0	0.0	0.0	0.0	0.0	0.0	0.0	936338.0	0.0	301098.0	606039.0	0.0	0.0
3847	0.0	0.0	0.0	0.0	0.0	0.0	0.0	813513.0	0.0	0.0	625676.0	1091900.0	0.0	0.0	473614.0
2964	0.0	0.0	0.0	0.0	0.0	0.0	0.0	0.0	0.0	0.0	481804.0	7364650.0	0.0	1615733.0	0.0
2855	0.0	0.0	0.0	0.0	0.0	0.0	0.0	1188711.0	0.0	0.0	2813414.0	2488426.0	0.0	6867460.0	0.0
3062	0.0	0.0	0.0	109330930.0	0.0	0.0	16010410.0	0.0	0.0	0.0	0.0	0.0	9747790.0	0.0	0.0
2787	0.0	0.0	0.0	0.0	0.0	0.0	0.0	0.0	0.0	0.0	14418640.0	7533130.0	0.0	1819340.0	0.0
1338	0.0	0.0	0.0	0.0	0.0	0.0	0.0	0.0	0.0	0.0	0.0	0.0	0.0	0.0	616300.0
3525	1614415.0	0.0	0.0	0.0	0.0	0.0	0.0	0.0	0.0	0.0	0.0	0.0	0.0	0.0	0.0
2470	43940090.0	900095.0	0.0	0.0	0.0	28632850.0	0.0	0.0	0.0	8555600.0	0.0	0.0	0.0	0.0	1298622.0
1980	0.0	0.0	0.0	0.0	0.0	0.0	0.0	0.0	0.0	0.0	17548784.0	0.0	0.0	21846300.0	0.0
1117	0.0	0.0	0.0	0.0	0.0	0.0	6104320.0	0.0	0.0	0.0	0.0	0.0	0.0	0.0	0.0
2173	0.0	0.0	0.0	0.0	0.0	0.0	0.0	0.0	0.0	7839290.0	0.0	0.0	0.0	0.0	0.0
2148	0.0	0.0	0.0	0.0	0.0	0.0	0.0	0.0	0.0	0.0	0.0	1371650.0	0.0	0.0	0.0
2780	0.0	0.0	0.0	0.0	0.0	0.0	0.0	0.0	0.0	736284.0	0.0	0.0	741997.0	0.0	0.0
2025	0.0	11065402.0	0.0	0.0	0.0	0.0	0.0	0.0	343644.0	0.0	0.0	0.0	0.0	0.0	0.0
2256	0.0	0.0	0.0	0.0	0.0	0.0	0.0	0.0	0.0	0.0	0.0	1402498.0	0.0	0.0	0.0
2632	0.0	0.0	0.0	0.0	0.0	0.0	0.0	0.0	0.0	0.0	0.0	0.0	0.0	1576431.0	0.0
2374	0.0	0.0	0.0	0.0	0.0	0.0	0.0	147935.0	0.0	0.0	597147.0	0.0	0.0	1009250.0	0.0
1725	0.0	0.0	0.0	0.0	249684.0	121568.0	0.0	0.0	0.0	1336856.0	0.0	0.0	2819988.0	0.0	0.0
3133	0.0	535701.0	0.0	0.0	305621.0	0.0	0.0	0.0	0.0	0.0	0.0	0.0	0.0	0.0	0.0
2072	0.0	0.0	0.0	0.0	0.0	0.0	0.0	0.0	0.0	0.0	33210690.0	0.0	0.0	10728500.0	0.0
2884	0.0	0.0	0.0	0.0	0.0	616998.0	0.0	0.0	0.0	3225040.0	0.0	0.0	2185071.0	596743.0	0.0
2454	0.0	0.0	0.0	0.0	0.0	0.0	0.0	0.0	0.0	0.0	0.0	0.0	0.0	0.0	3836991.0
323	0.0	0.0	0.0	0.0	0.0	875397.0	0.0	0.0	0.0	0.0	0.0	510998.0	4437380.0	17845748.0	0.0
1390	0.0	0.0	0.0	0.0	0.0	0.0	0.0	556464.0	0.0	0.0	0.0	1912080.0	0.0	0.0	764383.0
3084	0.0	0.0	0.0	0.0	0.0	0.0	0.0	0.0	0.0	0.0	0.0	0.0	8895950.0	0.0	0.0
3782	0.0	101146.0	0.0	0.0	0.0	0.0	0.0	0.0	0.0	0.0	0.0	0.0	1198880.0	0.0	1487116.0
3731	0.0	0.0	0.0	0.0	0.0	0.0	0.0	2436113.0	0.0	0.0	8306640.0	8002246.0	0.0	19775480.0	0.0
2110	0.0	0.0	0.0	0.0	0.0	118167.0	0.0	0.0	0.0	0.0	127818.0	0.0	0.0	487479.0	0.0
1784	0.0	0.0	0.0	0.0	0.0	0.0	0.0	0.0	0.0	2260310.0	0.0	715859.0	47168480.0	0.0	0.0
1253	0.0	1044734.0	0.0	0.0	9610093.0	42968100.0	0.0	1281375.0	0.0	0.0	0.0	2581584.0	0.0	0.0	2578083.0
595	0.0	0.0	1651131.0	0.0	0.0	0.0	0.0	0.0	0.0	0.0	0.0	0.0	0.0	0.0	0.0
3159	8865293.0	0.0	0.0	0.0	0.0	5628565.0	0.0	0.0	0.0	6731010.0	0.0	0.0	684089.0	0.0	0.0
3151	639363.0	0.0	0.0	0.0	0.0	1101120.0	0.0	0.0	0.0	0.0	0.0	0.0	0.0	0.0	0.0
644	0.0	0.0	0.0	3969670.0	0.0	0.0	0.0	0.0	0.0	0.0	0.0	0.0	0.0	0.0	0.0
1930	0.0	0.0	0.0	0.0	0.0	0.0	0.0	0.0	0.0	0.0	0.0	0.0	0.0	0.0	2572270.0
3413	0.0	0.0	0.0	0.0	0.0	143999.0	0.0	0.0	0.0	1369992.0	0.0	0.0	0.0	0.0	0.0
1775	0.0	0.0	0.0	0.0	0.0	0.0	0.0	0.0	0.0	0.0	0.0	0.0	0.0	410244.0	167072.0
2107	0.0	0.0	0.0	0.0	0.0	0.0	0.0	685976.0	0.0	0.0	1397384.0	0.0	0.0	1901613.0	0.0
597	0.0	0.0	0.0	0.0	0.0	0.0	0.0	0.0	0.0	2730141.0	0.0	0.0	0.0	0.0	0.0
3176	0.0	0.0	0.0	0.0	0.0	0.0	0.0	0.0	0.0	0.0	0.0	1032041.0	0.0	0.0	0.0
3427	115767023.0	1671647.0	0.0	0.0	270712.0	29025332.0	6633350.0	0.0	0.0	53390140.0	2729356.0	0.0	0.0	6438864.0	12602062.0
2176	173926.0	0.0	0.0	0.0	0.0	0.0	0.0	0.0	0.0	0.0	1085558.0	0.0	0.0	2182712.0	0.0
3858	0.0	607114.0	0.0	0.0	170145.0	0.0	0.0	2226385.0	0.0	2009690.0	1070360.0	3822130.0	1910180.0	1454420.0	261238.0
3393	1881680.0	0.0	0.0	0.0	0.0	0.0	0.0	0.0	0.0	1332450.0	0.0	0.0	0.0	0.0	0.0
2453	0.0	0.0	0.0	0.0	1145364.0	0.0	0.0	0.0	0.0	0.0	0.0	0.0	0.0	0.0	0.0
2165	0.0	0.0	0.0	0.0	247457.0	0.0	0.0	0.0	0.0	0.0	2114358.0	0.0	0.0	5287770.0	0.0
2062	0.0	0.0	0.0	0.0	0.0	0.0	0.0	2537652.0	0.0	0.0	6124600.0	0.0	0.0	19805875.0	0.0
2221	0.0	0.0	0.0	0.0	0.0	0.0	0.0	0.0	0.0	0.0	13118290.0	0.0	0.0	1396460.0	0.0
2500	0.0	0.0	0.0	0.0	0.0	0.0	0.0	964390.0	0.0	0.0	2234107.0	2054532.0	0.0	4926330.0	0.0
2049	0.0	0.0	0.0	0.0	0.0	0.0	0.0	234147.0	0.0	0.0	5303290.0	217486.0	0.0	2933760.0	0.0
2335	0.0	0.0	0.0	0.0	0.0	0.0	0.0	1923594.0	0.0	0.0	0.0	9338157.0	0.0	0.0	0.0
1086	0.0	0.0	0.0	0.0	15623700.0	0.0	0.0	0.0	0.0	298707470.0	0.0	0.0	608528440.0	0.0	357211.0
3482	0.0	0.0	0.0	0.0	0.0	2877443.0	0.0	0.0	0.0	0.0	0.0	0.0	0.0	0.0	0.0
1965	314284.0	363644.0	0.0	6463790.0	9474653.0	846880.0	0.0	653497.0	272376.0	34911000.0	59904690.0	2852045.0	89344100.0	8427040.0	640051.0
1416	0.0	0.0	0.0	0.0	0.0	0.0	0.0	6536802.0	0.0	0.0	2751087.0	4542475.0	0.0	6300003.0	0.0
1812	0.0	0.0	0.0	0.0	0.0	0.0	0.0	1386603.0	0.0	0.0	5390719.0	2794194.0	0.0	10992961.0	0.0
1114	331057.0	0.0	0.0	0.0	0.0	0.0	0.0	0.0	0.0	0.0	0.0	0.0	0.0	0.0	0.0
1366	0.0	0.0	0.0	0.0	0.0	0.0	0.0	579318.0	0.0	0.0	2650438.0	0.0	0.0	466620.0	0.0
3725	1503121.0	0.0	0.0	0.0	0.0	0.0	0.0	0.0	0.0	0.0	0.0	0.0	0.0	0.0	0.0
2562	0.0	0.0	0.0	0.0	0.0	0.0	4945940.0	0.0	0.0	0.0	0.0	0.0	0.0	0.0	0.0
1303	22875863.0	0.0	0.0	0.0	0.0	626889.0	0.0	373416.0	0.0	0.0	0.0	0.0	0.0	0.0	0.0
2481	0.0	0.0	0.0	0.0	0.0	0.0	0.0	2214991.0	0.0	0.0	0.0	0.0	0.0	0.0	0.0
3305	0.0	929528.0	0.0	0.0	0.0	0.0	0.0	0.0	2819208.0	0.0	0.0	0.0	0.0	0.0	0.0
1097	0.0	0.0	0.0	0.0	0.0	0.0	0.0	0.0	644916.0	0.0	0.0	0.0	0.0	0.0	0.0
1899	0.0	0.0	0.0	0.0	0.0	0.0	0.0	0.0	0.0	368224.0	0.0	0.0	1320026.0	0.0	0.0
3647	0.0	0.0	0.0	0.0	2312779.0	0.0	0.0	0.0	0.0	52386550.0	0.0	0.0	19574469.0	0.0	0.0
2561	0.0	0.0	0.0	0.0	0.0	0.0	6042560.0	0.0	0.0	0.0	0.0	0.0	0.0	0.0	0.0
232	0.0	0.0	1105280.0	2880130.0	0.0	0.0	0.0	0.0	0.0	0.0	0.0	0.0	0.0	0.0	0.0
2036	0.0	0.0	0.0	0.0	0.0	362603.0	0.0	0.0	0.0	0.0	1268928.0	0.0	0.0	992218.0	0.0
3851	0.0	0.0	0.0	0.0	0.0	6314460.0	0.0	0.0	0.0	28790600.0	0.0	0.0	28387200.0	0.0	0.0
212	0.0	0.0	2852846.0	630833.0	0.0	0.0	3760915.0	0.0	0.0	0.0	0.0	0.0	0.0	0.0	0.0
3226	2793000.0	541922.0	0.0	0.0	0.0	0.0	0.0	0.0	1395679.0	0.0	0.0	0.0	0.0	0.0	0.0
1502	0.0	0.0	0.0	0.0	0.0	0.0	0.0	0.0	243113.0	0.0	14688300.0	0.0	0.0	16483470.0	0.0
1437	0.0	0.0	0.0	0.0	0.0	23950590.0	0.0	0.0	0.0	0.0	0.0	0.0	0.0	0.0	0.0
1258	0.0	0.0	0.0	57993700.0	1766104.0	33241160.0	29110480.0	2032615.0	0.0	14435900.0	1925064.0	3427336.0	61726240.0	5300453.0	1117568.0
3584	0.0	0.0	0.0	0.0	0.0	0.0	0.0	257512.0	0.0	0.0	265928.0	8616582.0	0.0	303091.0	2457139.0
2420	0.0	0.0	0.0	0.0	0.0	0.0	0.0	169074.0	0.0	0.0	562733.0	0.0	0.0	353822.0	0.0
106	1540550.0	0.0	0.0	0.0	0.0	0.0	0.0	0.0	0.0	0.0	0.0	0.0	0.0	0.0	0.0
1487	0.0	0.0	0.0	0.0	0.0	0.0	0.0	1312701.0	0.0	0.0	0.0	0.0	0.0	0.0	0.0
1500	0.0	0.0	0.0	0.0	0.0	0.0	0.0	0.0	0.0	0.0	0.0	2985080.0	0.0	0.0	0.0
110	0.0	0.0	0.0	580041.0	0.0	0.0	526265.0	0.0	0.0	0.0	0.0	0.0	0.0	0.0	0.0
2232	0.0	0.0	6881620.0	2426200.0	0.0	0.0	0.0	0.0	0.0	1543260.0	1986839.0	0.0	0.0	5368261.0	0.0
459	0.0	0.0	0.0	0.0	1650330.0	0.0	0.0	0.0	0.0	41384460.0	0.0	0.0	82806968.0	0.0	0.0
1317	16476855.0	0.0	0.0	0.0	0.0	542574.0	0.0	0.0	0.0	0.0	0.0	271868.0	0.0	0.0	0.0
1279	0.0	0.0	0.0	0.0	1252144.0	18793700.0	0.0	894481.0	0.0	0.0	671747.0	0.0	0.0	460859.0	489658.0
390	0.0	0.0	0.0	0.0	0.0	0.0	0.0	0.0	0.0	817259.0	0.0	0.0	0.0	0.0	0.0
3446	0.0	0.0	0.0	0.0	0.0	522245.0	0.0	0.0	0.0	0.0	0.0	0.0	0.0	0.0	129928.0
2969	0.0	0.0	0.0	0.0	0.0	0.0	0.0	0.0	0.0	0.0	0.0	0.0	1655121.0	0.0	0.0
2045	0.0	3926100.0	0.0	0.0	0.0	0.0	0.0	0.0	0.0	0.0	0.0	0.0	0.0	0.0	0.0
2218	0.0	0.0	0.0	0.0	0.0	0.0	0.0	760277.0	0.0	0.0	1958501.0	647253.0	0.0	3652403.0	0.0
2091	0.0	0.0	0.0	0.0	0.0	0.0	0.0	4750993.0	0.0	0.0	10817230.0	0.0	0.0	9831922.0	0.0
955	0.0	0.0	0.0	0.0	3245545.0	17418240.0	0.0	0.0	0.0	0.0	0.0	0.0	4461890.0	0.0	0.0
3715	864256.0	0.0	0.0	0.0	0.0	0.0	0.0	0.0	0.0	0.0	0.0	0.0	0.0	0.0	0.0
2468	0.0	0.0	0.0	0.0	0.0	0.0	0.0	161506.0	0.0	7622845.0	0.0	0.0	554702.0	0.0	0.0
2245	0.0	0.0	0.0	0.0	0.0	0.0	0.0	467758.0	0.0	0.0	0.0	0.0	0.0	0.0	0.0
3023	0.0	0.0	0.0	0.0	0.0	0.0	0.0	0.0	0.0	0.0	819797.0	0.0	0.0	2128267.0	0.0
2009	0.0	0.0	0.0	0.0	0.0	0.0	0.0	0.0	0.0	0.0	1950524.0	0.0	0.0	2759790.0	0.0
3827	0.0	0.0	0.0	0.0	0.0	0.0	0.0	203710.0	0.0	0.0	0.0	0.0	0.0	627920.0	0.0
3132	0.0	0.0	0.0	0.0	0.0	233394.0	0.0	0.0	0.0	5847010.0	0.0	0.0	0.0	0.0	0.0
2797	0.0	0.0	0.0	0.0	0.0	0.0	0.0	1959405.0	0.0	0.0	0.0	6515049.0	0.0	0.0	0.0
666	0.0	0.0	0.0	0.0	0.0	0.0	0.0	1444331.0	0.0	0.0	3159537.0	937758.0	0.0	6144109.0	0.0
59	0.0	0.0	3878365.0	2659391.0	0.0	0.0	4217945.0	0.0	0.0	0.0	0.0	0.0	0.0	0.0	0.0
3492	4786320.0	0.0	0.0	0.0	0.0	0.0	0.0	0.0	0.0	0.0	0.0	0.0	0.0	0.0	0.0
3246	0.0	0.0	0.0	0.0	0.0	0.0	0.0	846906.0	0.0	0.0	0.0	0.0	0.0	2451989.0	0.0
132	0.0	0.0	508707.0	0.0	0.0	0.0	425133.0	0.0	0.0	0.0	0.0	0.0	0.0	0.0	0.0
1966	0.0	0.0	0.0	0.0	0.0	0.0	0.0	0.0	0.0	0.0	0.0	0.0	2476230.0	0.0	0.0
247	0.0	0.0	11597765.0	4575354.0	0.0	0.0	7761007.0	0.0	0.0	625324.0	0.0	0.0	3009980.0	0.0	0.0
3080	0.0	0.0	0.0	0.0	0.0	38282300.0	0.0	0.0	0.0	0.0	0.0	0.0	0.0	0.0	36204812.0
2021	0.0	0.0	110375490.0	0.0	0.0	0.0	0.0	4214610.0	0.0	0.0	12236100.0	11517852.0	0.0	24364990.0	0.0
1019	0.0	0.0	0.0	0.0	0.0	7091100.0	0.0	0.0	0.0	0.0	0.0	0.0	0.0	0.0	1040265.0
3415	0.0	0.0	0.0	0.0	0.0	0.0	0.0	0.0	0.0	0.0	189418.0	0.0	0.0	157790.0	0.0
3707	0.0	0.0	0.0	0.0	0.0	7714350.0	0.0	0.0	0.0	0.0	0.0	0.0	1230450.0	0.0	191844.0
1218	0.0	0.0	0.0	0.0	0.0	0.0	5000150.0	0.0	0.0	0.0	0.0	0.0	0.0	0.0	0.0
3472	0.0	0.0	0.0	0.0	0.0	850260.0	0.0	0.0	0.0	0.0	0.0	0.0	0.0	0.0	0.0
1983	0.0	0.0	0.0	0.0	0.0	0.0	0.0	0.0	0.0	0.0	479393.0	0.0	0.0	1203892.0	0.0
2534	0.0	0.0	0.0	0.0	0.0	0.0	0.0	0.0	0.0	0.0	303694.0	0.0	0.0	365205.0	0.0
2628	0.0	0.0	0.0	0.0	0.0	0.0	0.0	0.0	0.0	0.0	577637.0	0.0	0.0	0.0	0.0
3386	0.0	0.0	0.0	8634640.0	0.0	0.0	0.0	0.0	0.0	2692240.0	0.0	0.0	0.0	0.0	0.0
582	0.0	0.0	0.0	0.0	0.0	0.0	0.0	2274025.0	0.0	0.0	2834780.0	0.0	0.0	7990730.0	0.0
2867	0.0	0.0	0.0	0.0	0.0	0.0	0.0	0.0	0.0	0.0	0.0	0.0	0.0	1989580.0	0.0
1914	0.0	0.0	0.0	0.0	0.0	0.0	0.0	1357634.0	0.0	0.0	0.0	1075772.0	0.0	0.0	0.0
1103	0.0	0.0	0.0	0.0	0.0	0.0	0.0	0.0	0.0	0.0	559360.0	438104.0	0.0	0.0	0.0
1110	0.0	0.0	0.0	8794860.0	570664.0	5472525.0	0.0	0.0	0.0	0.0	0.0	413370.0	13534500.0	1057340.0	0.0
1072	0.0	0.0	3091950.0	0.0	0.0	0.0	2777120.0	0.0	0.0	0.0	0.0	0.0	0.0	0.0	0.0
2131	0.0	0.0	0.0	0.0	0.0	0.0	0.0	0.0	0.0	0.0	256339.0	0.0	0.0	615434.0	0.0
1985	0.0	0.0	0.0	0.0	1925960.0	275666.0	0.0	0.0	0.0	0.0	0.0	0.0	0.0	0.0	0.0
3056	0.0	0.0	0.0	0.0	0.0	0.0	0.0	0.0	0.0	0.0	0.0	0.0	0.0	0.0	2867546.0
3408	0.0	0.0	0.0	0.0	0.0	0.0	0.0	0.0	0.0	0.0	0.0	428643.0	0.0	0.0	0.0
3791	0.0	0.0	0.0	0.0	0.0	809357.0	0.0	0.0	0.0	0.0	0.0	0.0	18931020.0	0.0	0.0
2320	0.0	0.0	0.0	0.0	1700670.0	4483320.0	0.0	0.0	0.0	19304300.0	0.0	0.0	0.0	0.0	0.0
2656	0.0	0.0	0.0	0.0	0.0	0.0	0.0	0.0	0.0	0.0	0.0	0.0	0.0	473476.0	0.0
1655	0.0	0.0	0.0	0.0	0.0	0.0	0.0	4386722.0	0.0	0.0	11762110.0	13461515.0	0.0	21744125.0	0.0
1690	0.0	0.0	31874770.0	0.0	0.0	0.0	0.0	0.0	0.0	0.0	0.0	0.0	0.0	0.0	0.0
2350	0.0	0.0	0.0	0.0	0.0	0.0	0.0	0.0	0.0	0.0	0.0	0.0	0.0	2210716.0	0.0
1919	0.0	0.0	0.0	0.0	0.0	0.0	0.0	0.0	864280.0	0.0	0.0	0.0	0.0	0.0	0.0
3117	8003460.0	0.0	0.0	0.0	0.0	0.0	0.0	0.0	0.0	0.0	0.0	0.0	0.0	0.0	0.0
3372	0.0	477140.0	0.0	0.0	0.0	0.0	0.0	0.0	1826969.0	0.0	0.0	0.0	0.0	0.0	0.0
3624	0.0	0.0	0.0	0.0	0.0	0.0	0.0	0.0	0.0	36947110.0	0.0	0.0	9216420.0	0.0	0.0
1650	0.0	0.0	0.0	0.0	0.0	13774881.0	0.0	0.0	0.0	0.0	0.0	0.0	0.0	0.0	2096663.0
1020	0.0	0.0	0.0	3713940.0	0.0	0.0	6116010.0	0.0	0.0	0.0	0.0	0.0	0.0	0.0	0.0
3569	0.0	0.0	0.0	0.0	0.0	0.0	0.0	0.0	0.0	0.0	213415.0	0.0	0.0	509564.0	0.0
2266	0.0	116364.0	0.0	0.0	3539589.0	1032488.0	0.0	10029816.0	0.0	1705940.0	8482017.0	8020538.0	4897145.0	16405133.0	0.0
354	0.0	0.0	0.0	2352340.0	0.0	0.0	828911.0	0.0	0.0	0.0	0.0	0.0	0.0	0.0	0.0
2347	1158367.0	0.0	0.0	0.0	0.0	142111.0	0.0	0.0	0.0	0.0	0.0	0.0	0.0	0.0	0.0
1838	0.0	0.0	0.0	0.0	0.0	0.0	0.0	0.0	0.0	0.0	5049130.0	0.0	0.0	22633080.0	0.0
3414	0.0	0.0	0.0	0.0	0.0	0.0	0.0	0.0	0.0	0.0	0.0	407713.0	0.0	0.0	0.0
308	0.0	0.0	1582180.0	0.0	0.0	0.0	694849.0	0.0	0.0	0.0	0.0	0.0	0.0	0.0	0.0
205	0.0	0.0	0.0	1587070.0	0.0	0.0	2937620.0	0.0	0.0	0.0	0.0	0.0	0.0	0.0	0.0
3329	110325900.0	0.0	0.0	0.0	0.0	16997750.0	0.0	0.0	0.0	39010900.0	0.0	0.0	0.0	0.0	0.0
126	0.0	0.0	0.0	0.0	0.0	0.0	0.0	0.0	0.0	627779.0	0.0	0.0	0.0	0.0	0.0
1222	0.0	0.0	0.0	0.0	0.0	0.0	0.0	0.0	0.0	2590460.0	0.0	0.0	6276900.0	0.0	0.0
2379	0.0	0.0	0.0	0.0	0.0	0.0	0.0	609406.0	0.0	0.0	11361670.0	9367770.0	0.0	6268478.0	0.0
972	0.0	0.0	0.0	0.0	0.0	0.0	0.0	0.0	0.0	2329053.0	0.0	0.0	0.0	0.0	0.0
1783	0.0	0.0	0.0	0.0	0.0	0.0	0.0	0.0	0.0	0.0	320071.0	0.0	0.0	1074910.0	0.0
2514	0.0	0.0	0.0	0.0	0.0	0.0	0.0	0.0	0.0	0.0	0.0	0.0	0.0	582949.0	0.0
2503	0.0	0.0	0.0	0.0	0.0	0.0	0.0	0.0	0.0	0.0	0.0	0.0	7259480.0	0.0	0.0
3779	337467.0	0.0	0.0	0.0	0.0	0.0	0.0	0.0	0.0	0.0	0.0	0.0	0.0	0.0	0.0
2905	0.0	0.0	0.0	0.0	0.0	0.0	0.0	0.0	0.0	0.0	1405964.0	0.0	0.0	4197592.0	0.0
2385	0.0	0.0	0.0	0.0	666727.0	0.0	0.0	1082646.0	0.0	0.0	1159600.0	802798.0	2299760.0	3350170.0	0.0
1665	0.0	0.0	0.0	0.0	0.0	0.0	0.0	694481.0	0.0	0.0	0.0	1189180.0	0.0	3613210.0	0.0
3585	0.0	0.0	0.0	0.0	0.0	1737981.0	0.0	0.0	0.0	0.0	0.0	0.0	0.0	0.0	0.0
963	0.0	0.0	0.0	0.0	0.0	144353.0	0.0	0.0	0.0	1567433.0	0.0	132356.0	0.0	110469.0	0.0
14	0.0	0.0	0.0	461002.0	0.0	0.0	534948.0	0.0	0.0	0.0	0.0	0.0	0.0	0.0	0.0
3738	0.0	0.0	0.0	0.0	0.0	0.0	0.0	0.0	0.0	0.0	2457020.0	2002300.0	0.0	0.0	0.0
2612	952450.0	0.0	0.0	0.0	0.0	0.0	0.0	6991570.0	0.0	0.0	13872378.0	14694320.0	0.0	25117622.0	926466.0
3280	2013976.0	0.0	0.0	5023160.0	0.0	689400.0	0.0	0.0	0.0	0.0	0.0	0.0	0.0	0.0	0.0
2465	0.0	0.0	0.0	0.0	0.0	0.0	0.0	0.0	0.0	0.0	0.0	653907.0	0.0	0.0	0.0
1333	0.0	0.0	0.0	0.0	0.0	0.0	0.0	0.0	0.0	0.0	0.0	0.0	5547680.0	0.0	0.0
3116	0.0	0.0	0.0	0.0	0.0	0.0	0.0	0.0	1430948.0	0.0	0.0	0.0	0.0	0.0	0.0
58	0.0	0.0	4345639.0	6528993.0	0.0	0.0	2931914.0	0.0	0.0	0.0	0.0	0.0	0.0	0.0	0.0
1593	0.0	0.0	0.0	0.0	0.0	0.0	0.0	517585.0	0.0	0.0	0.0	0.0	0.0	0.0	0.0
803	0.0	0.0	0.0	0.0	0.0	0.0	0.0	0.0	0.0	255647.0	0.0	0.0	428801.0	0.0	0.0
2429	0.0	0.0	0.0	0.0	0.0	0.0	0.0	0.0	0.0	0.0	0.0	0.0	2332300.0	0.0	0.0
453	0.0	0.0	0.0	0.0	0.0	0.0	0.0	0.0	0.0	1027083.0	0.0	129348.0	544443.0	0.0	0.0
3315	262160320.0	7687355.0	10339500.0	0.0	0.0	78697943.0	28573930.0	0.0	0.0	126689680.0	0.0	0.0	1252460.0	0.0	4047880.0
3500	1240986.0	0.0	0.0	0.0	0.0	0.0	0.0	0.0	0.0	0.0	0.0	0.0	0.0	0.0	0.0
